{
  "format_version": "1.18.0",
  "minecraft:recipe_shaped": {
    "description": {
      "identifier": "ray:orange_torch"
    },
    "tags": [
      "crafting_table"
    ],
    "pattern": [
      "#",
      ".",
      "|"
    ],
    "key": {
      ".": {
        "tag": "minecraft:coals"
      },
      "|": {
        "item": "minecraft:stick"
      },
      "#": {
        "item": "minecraft:orange_dye"
      }
    },
    
    "result": {
      "item": "ray:orange_torch",
      "count": 4
    }
  }
}