{
    "format_version": "1.18.0",
    "minecraft:recipe_shaped": {
      "description": {
        "identifier": "ray:sea_torch"
      },
      "tags": [
        "crafting_table"
      ],
      "pattern": [
        "",
        ".",
        "|"
      ],
      "key": {
        ".": {
          "item": "minecraft:prismarine_crystals"
        },
        "|": {
          "item": "minecraft:stick"
        }
      
      },
      
      "result": {
        "item": "ray:sea_torch",
        "count": 4
      }
    }
  }