{
  "format_version": "1.20.50",
  "minecraft:item": {
    "description": {
      "identifier": "miner:copper_orange_torch_helmet",
      "menu_category": {
					"category": "equipment",
				"group": "ray:itemGroup.name.miner_copper"
      }
    },
    "components": {
      "minecraft:wearable": {
        "dispensable": true,
        "protection": 2,
        "slot": "slot.armor.head"
      },
      "minecraft:durability": {
        "damage_chance": {
          "min": 60,
          "max": 100
        },
        "max_durability": 122
      },
      "minecraft:tags": {
        "tags": [
          "ray:miner_helmet",
          "minecraft:trimmable_armors",
          "minecraft:is_armor",
          "minecraft:transformable_items"
        ]
      },
      "minecraft:max_stack_size": 1,
      "minecraft:enchantable": {
        "value": 8,
        "slot": "armor_head"
      },
      "minecraft:display_name": {
        "value": "Miner Copper Orange Helmet"
      },
      "minecraft:repairable": {
        "repair_items": [
          {
            "items": [
              "minecraft:copper_ingot"
            ],
            "repair_amount": 41
          }
        ]
      },
      "minecraft:icon": {
        "texture": "miner_copper_orange_torch_helmet"
      }
    }
  }
}