{
    "format_version": "1.21.0",
    "minecraft:item": {
        "description": {
            "identifier": "ray:purple_torch",
            "menu_category": {
                "category": "items",
                "group": "ray:itemGroup.name.dyed_torches"
            }
        },
        "components": {
            "minecraft:display_name": {
                "value": "Purple Torch\n§cUse-Click Item Swap to Offhand"
            },
            "minecraft:max_stack_size": 64,
            "minecraft:block_placer": {
                "block": "ray:purple_torch"
            },
            "minecraft:icon": {
                "textures": {
                    "default": "purple_torch"
                }
            },
            "minecraft:allow_off_hand": true
        }
    }
}
