{
  "format_version": "1.17",
  "minecraft:recipe_shaped": {
    "description": {
      "identifier": "miner:copper_sea_torch_helmet"
    },
    "tags": [
      "crafting_table"
    ],
    "pattern": [
      "T",
      "L",
      "H"
    ],
    "key": {
      "H": {
        "item": "minecraft:copper_helmet"
      },
      "I": {
        "item": "minecraft:copper_ingot"
      },
      "L": {
        "item": "minecraft:lead"
      },
      "T": {
        "item": "ray:sea_torch"
      }
    },
    "result": {
      "item": "miner:copper_sea_torch_helmet"
    }
  }
}