{
  // show or hide durability (true or false)
  "$view_durability_in_inventory": true,
  "$view_durability_in_recipe_book": true, // turn it off if you experience lag when opning inventory

  "$view_shield_durability": true,
  "$view_armor_durability": true,
  "$view_mainhand_durability": true, // durability of the item you are holding

  // move things around
  // you can use 'px', '%' or combination of both
  // examples: ["100% - 5px", "50% - 5px"] or ["50%", "75%"]
  "$mainhand_durability_offset": ["5px", "5px"], // durability of the item you are holding
  "$shield_durability_offset": ["5px", "5px"],
  "$armor_durability_offset": ["5px", "25px"]
}