{
  "hud_title_text/title_frame": {
    "bindings": [
      {
        "binding_type": "view",
        "source_control_name": "title",
        "source_property_name": "((#text - 'durabilityArmor:') = #text)",
        "target_property_name": "#visible"
      }
    ]
  },

  "hud_title_text/subtitle_frame": {
    "bindings": [
      {
        "binding_type": "view",
        "source_control_name": "subtitle",
        "source_property_name": "((#text - 'durabilityShield:') = #text)",
        "target_property_name": "#visible"
      }
    ]
  },

  "mainhand_durability": {
    "type": "panel",
    "size": "$mainhand_durability_offset",
    "max_size": ["100% - 100%c", "100% - 100%c"],
    "anchor_from": "bottom_right",
    "anchor_to": "bottom_right",
    "controls": [
      { "mainhand_durability_content@hud.mainhand_durability_content": {} }
    ]
  },

  "gui_hotbar_grid_item/hotbar_parent": {
    "modifications": [
      {
        "array_name": "controls",
        "operation": "replace",
        "control_name": "item_dura",
        "value": [
          {
            "item_dura@common.animated_durability_bar": {
              "$durability_bar_required|default": true,
              "$item_collection_name": "$hotbar_collection_name",
              "layer": 5
            }
          }
        ]
      }
    ]
  },

  "gui_hotbar_grid_item_pocket/hotbar_parent": {
    "modifications": [
      {
        "array_name": "controls",
        "operation": "replace",
        "control_name": "item_dura",
        "value": [
          {
            "item_dura@common.animated_durability_bar": {
              "$durability_bar_required|default": true,
              "$item_collection_name": "$hotbar_collection_name",
              "layer": 5
            }
          }
        ]
      }
    ]
  },

  "mainhand_durability_content": {
    "type": "stack_panel",
    "anchor_from": "top_left",
    "anchor_to": "bottom_right",
    "size": [
      "100%cm",
      "100%cm"
    ],
    "collection_name": "hotbar_items",
    "controls": [
      {
        "slot_1@durability_text": {
          "collection_index": 0
        }
      },
      {
        "slot_2@durability_text": {
          "collection_index": 1
        }
      },
      {
        "slot_3@durability_text": {
          "collection_index": 2
        }
      },
      {
        "slot_4@durability_text": {
          "collection_index": 3
        }
      },
      {
        "slot_5@durability_text": {
          "collection_index": 4
        }
      },
      {
        "slot_6@durability_text": {
          "collection_index": 5
        }
      },
      {
        "slot_7@durability_text": {
          "collection_index": 6
        }
      },
      {
        "slot_8@durability_text": {
          "collection_index": 7
        }
      },
      {
        "slot_9@durability_text": {
          "collection_index": 8
        }
      }
    ]
  },

  "durability_text": {
    "type": "image",
    "size": ["100%c + 7px", "100%c + 4px"],
    "texture": "textures/ui/hud_tip_text_background",

		"$item_collection_name": "hotbar_items",

    "offset": [-5, -5],
    "alpha": 0.7,
    "controls": [
      {
        "text": {
          "type": "label",
          "shadow": true,
          "layer": 1,
          "offset": [1, 0],
          "text": "#text",
          "property_bag": {
            "#current_durability": 0, //initiating from 0
            "#total_durability": 0 //initiating from 0
          },
          "bindings": [
            {
              "binding_name": "#item_durability_total_amount",
              "binding_type": "collection",
              "binding_collection_name": "$item_collection_name"
            },
            {
              "binding_name": "#item_durability_current_amount",
              "binding_type": "collection",
              "binding_collection_name": "$item_collection_name"
            },
            {
              "binding_type": "view",
              "binding_condition": "visible",
              "source_property_name": "(#total_durability + (#total_durability < #item_durability_total_amount) * 1 - (#total_durability > #item_durability_total_amount) * 1)", //increment or decrement when needed
              "target_property_name": "#total_durability"
            },
            {
              "binding_type": "view",
              "binding_condition": "visible",
              "source_property_name": "(#current_durability + (#current_durability < #item_durability_current_amount) * 1 - (#current_durability > #item_durability_current_amount) * 1)", //increment or decrement when needed
              "target_property_name": "#current_durability"
            },
            {
              "binding_type": "view",
              "source_property_name": "('Durability: ' + #current_durability + '/' + #total_durability)",
              "target_property_name": "#text"
            }
          ]
        }
      }
    ],
    "bindings": [
      {
        "binding_name": "#item_durability_total_amount",
        "binding_type": "collection",
        "binding_collection_name": "$item_collection_name"
      },
      {
        "binding_type": "view",
        "source_property_name": "(not (#item_durability_total_amount = 0) and #slot_selected)",
        "target_property_name": "#visible"
      },
      {
        "binding_name": "#slot_selected",
        "binding_type": "collection",
        "binding_collection_name": "$item_collection_name"
      }
    ]
  },

  "durability_root_panel": {
    "type": "panel",
    "size": ["100%", "100%"],
    "controls": [
      { "mainhand_durability@hud.mainhand_durability": { "ignored": "(not $view_mainhand_durability)" } }
    ]
  },

  "root_panel": {
    "modifications": [
      {
        "array_name": "controls",
        "operation": "insert_back",
        "value": [
          { "root_durability@hud.durability_root_panel": {} }
        ]
      }
    ]
  }
}