{
  "highlight_slot_panel": {
    "type": "panel",
    "controls": [
      {
        "highlight@common.highlight_slot": {
          "controls": [
            {
              "hover_text@common.hover_text": {
                "layer": 29,
                "$hover_text_binding_name|default": "#hover_text",
                "property_bag": {
                  "#total_durability": 0 //initiating from 0
                },
                
                "$conditional_ignore|default": "$view_durability_in_inventory",
                "variables": [
                  {
                    "requires": "($item_collection_name = 'recipe_book')",
                    "$conditional_ignore": "$view_durability_in_recipe_book"
                  }
                ],
                "bindings": [
                  {
                    "binding_name": "$hover_text_binding_name",
                    "binding_name_override": "#hover_text_pre",
                    "binding_type": "collection",
                    "binding_collection_name": "$item_collection_name"
                  },
                  {
                    "ignored": "$conditional_ignore",
                    "binding_type": "view",
                    "source_property_name": "#hover_text_pre",
                    "target_property_name": "#hover_text"
                  },
                  {
                    "ignored": "(not $conditional_ignore)",
                    "binding_name": "#item_durability_total_amount",
                    "binding_type": "collection",
                    "binding_collection_name": "$item_collection_name"
                  },
                  {
                    "ignored": "(not $conditional_ignore)",
                    "binding_name": "#item_durability_current_amount",
                    "binding_type": "collection",
                    "binding_collection_name": "$item_collection_name"
                  },
                  {
                    "ignored": "(not $conditional_ignore)",
                    "binding_type": "view",
                    "source_property_name": "(#total_durability + (#total_durability < #item_durability_total_amount) * 1 - (#total_durability > #item_durability_total_amount) * 1)", //increment or decrement when needed
                    "target_property_name": "#total_durability"
                  },
                  {
                    "ignored": "(not $conditional_ignore)",
                    "binding_type": "view",
                    "source_property_name": "((#item_durability_current_amount > 0) * #total_durability)",
                    "target_property_name": "#current_durability" // initiating from total durability
                  },
                  {
                    "ignored": "(not $conditional_ignore)",
                    "binding_type": "view",
                    "source_property_name": "(#current_durability - (#item_durability_current_amount < #current_durability) * 1)", //decrement
                    "target_property_name": "#current_durability"
                  },
                  {
                    "ignored": "(not $conditional_ignore)",
                    "binding_type": "view",
                    "source_property_name": "('\n§7Durability: ' + #current_durability + '/' + #total_durability)",
                    "target_property_name": "#durability"
                  },
                  {
                    "ignored": "(not $conditional_ignore)",
                    "binding_type": "view",
                    "source_property_name": "(#hover_text_pre + (((#item_durability_total_amount = 0) + #durability) - ('true' + #durability) - 'false') + #item_durability_current_amount)", //not a mistake
                    "target_property_name": "#hover_text"
                  },
                  {
                    "binding_type": "view",
                    "source_property_name": "(not (#hover_text_pre = ''))",
                    "target_property_name": "#visible"
                  }
                ]
              }
            }
          ]
        }
      },
      {
        "white_border@common.white_border_slot": {
          "bindings": [
            {
              "binding_name": "#show_persistent_bundle_hover_text",
              "binding_name_override": "#visible"
            }
          ]
        }
      }
    ]
  },

  "blink_anim": {
    "anim_type": "alpha",
    "duration": 2,
    "from": 1,
    "to": 0,
    "next": "@common.blink_part_2"
  },

  "blink_part_2": {
    "anim_type": "alpha",
    "duration": 2,
    "from": 0,
    "to": 1,
    "next": "@common.blink_anim"
  },

  "animated_durability_bar": {
    "type": "panel",
    "size": ["100%cm", "100%cm"],
    "controls": [
      {
        "durability_bar@common.durability_bar": {
          "bindings": [
            {
              "binding_name": "#item_durability_visible",
              "binding_name_override": "#touch_progress_bar_visible",
              "binding_type": "collection",
              "binding_collection_name": "$item_collection_name"
            },
            {
              "binding_name": "#item_durability_total_amount",
              "binding_name_override": "#progress_bar_total_amount",
              "binding_type": "collection",
              "binding_collection_name": "$item_collection_name"
            },
            {
              "binding_name": "#item_durability_current_amount",
              "binding_name_override": "#progress_bar_current_amount",
              "binding_type": "collection",
              "binding_collection_name": "$item_collection_name"
            },
            {
              "binding_type": "view",
              "source_property_name": "((#progress_bar_current_amount / #progress_bar_total_amount * 100) > 20)",
              "target_property_name": "#visible"
            }
          ]
        }
      },
      {
        "durability_bar_animated@common.durability_bar": {
          "alpha": "@common.blink_anim",
          "propagate_alpha": true,
          "bindings": [
            {
              "binding_name": "#item_durability_visible",
              "binding_name_override": "#touch_progress_bar_visible",
              "binding_type": "collection",
              "binding_collection_name": "$item_collection_name"
            },
            {
              "binding_name": "#item_durability_total_amount",
              "binding_name_override": "#progress_bar_total_amount",
              "binding_type": "collection",
              "binding_collection_name": "$item_collection_name"
            },
            {
              "binding_name": "#item_durability_current_amount",
              "binding_name_override": "#progress_bar_current_amount",
              "binding_type": "collection",
              "binding_collection_name": "$item_collection_name"
            },
            {
              "binding_type": "view",
              "source_property_name": "(not ((#progress_bar_current_amount / #progress_bar_total_amount * 100) > 20))",
              "target_property_name": "#visible"
            }
          ]
        }
      }
    ]
  },

  "selected_item_details_factory": {
    "ignored": true
  }
}