{
    "format_version": "1.17",
    "minecraft:recipe_shaped": {
        "description": {
            "identifier": "miner:copper_helmet"
            },
        "tags": [ "crafting_table" ],
        "pattern": [
            "T",
            "L",
            "H"
            ],
        "key": {
            "H": {
                "item": "minecraft:copper_helmet"
            },
          
            "L": {
                "item": "minecraft:lead"
               
            },
            "T": {
                "item": "minecraft:torch"
               
            }
        },
        "result": {
            "item": "miner:copper_helmet"         
            }
        }
    }