{
   "format_version": "1.20.50",
   "minecraft:item": {
      "description": {
         "identifier": "miner:iron_helmet",
         "menu_category": {
            "category": "equipment",
            "group": "itemGroup.name.helmet"
         }
      },
      "components": {
         "minecraft:wearable": {
            "dispensable": true,
            "protection": 2,
            "slot": "slot.armor.head"
         },
         "minecraft:durability": {
            "damage_chance": {
               "min": 60,
               "max": 100
            },
            "max_durability": 165
         },
         "minecraft:tags": {
            "tags": [
               "ray:miner_helmet",
               "minecraft:trimmable_armors",
               "minecraft:is_armor"
            ]
         },
         "minecraft:max_stack_size": 1,
         "minecraft:enchantable": {
            "value": 9,
            "slot": "armor_head"
         },
         "minecraft:display_name": {
            "value": "Miner Iron Helmet"
         },
         "minecraft:repairable": {
            "repair_items": [
               {
                  "items": [
                     "minecraft:iron_ingot"
                  ],
                  "repair_amount": 41
               }
            ]
         },
         "minecraft:icon": {
            "texture": "miner_iron_helmet"
         }
      }
   }
}