{
    "format_version": "1.21.60",
    "minecraft:crafting_items_catalog": {
        "categories": [
            {
                "category_name": "equipment",
                "groups": [
                    {
                        "group_identifier": {
                            "icon": "miner:netherite_purple_torch_helmet",
                            "name": "ray:itemGroup.name.miner_netherite"
                        },
                        "items": []
                    },
                    {
                        "group_identifier": {
                            "icon": "miner:diamond_blue_torch_helmet",
                            "name": "ray:itemGroup.name.miner_diamond"
                        },
                        "items": []
                    },
                     {
                        "group_identifier": {
                            "icon": "miner:copper_orange_torch_helmet",
                            "name": "ray:itemGroup.name.miner_copper"
                        },
                        "items": []
                    },
                    {
                        "group_identifier": {
                            "icon": "miner:turtle_lime_torch_helmet",
                            "name": "ray:itemGroup.name.miner_turtle"
                        },
                        "items": []
                    },
                    {
                        "group_identifier": {
                            "icon": "miner:iron_redstone_torch_helmet",
                            "name": "ray:itemGroup.name.miner_iron"
                        },
                        "items": []
                    },
                    {
                        "group_identifier": {
                            "icon": "miner:golden_yellow_torch_helmet",
                            "name": "ray:itemGroup.name.miner_gold"
                        },
                        "items": []
                    },
                    {
                        "group_identifier": {
                            "icon": "miner:chainmail_black_torch_helmet",
                            "name": "ray:itemGroup.name.miner_chain"
                        },
                        "items": []
                    },
                    {
                        "group_identifier": {
                            "icon": "miner:leather_helmet",
                            "name": "ray:itemGroup.name.miner_leather"
                        },
                        "items": []
                    }
                ]
            },
            {
                "category_name": "items",
                "groups": [
                    {
                        "group_identifier": {
                            "icon": "ray:lime_torch",
                            "name": "ray:itemGroup.name.dyed_torches"
                        },
                        "items": []
                    }
                ]
            }
        ]
    }
}
