{
  "format_version": "1.21.50",
  "minecraft:block": {
    "description": {
      "identifier": "ray:light_gray_torch",
      "states": {
        "custom:face": [
          "Up",
          "North",
          "South",
          "East",
          "West"
        ]
      }
    },
    "permutations": [
      {
        "condition": "query.block_state('custom:face') == 'North'",
        "components": {
          "minecraft:transformation": {
            "rotation": [
              0,
              0,
              0
            ]
          }
        }
      },
      {
        "condition": "query.block_state('custom:face') == 'Up'",
        "components": {
          "minecraft:geometry": "geometry.torch_up",
          "minecraft:selection_box": {
            "origin": [
              -2,
              0,
              -2
            ],
            "size": [
              4,
              10,
              4
            ]
          }
        }
      },
      {
        "condition": "query.block_state('custom:face') == 'South'",
        "components": {
          "minecraft:transformation": {
            "rotation": [
              0,
              180,
              0
            ]
          }
        }
      },
      {
        "condition": "query.block_state('custom:face') == 'West'",
        "components": {
          "minecraft:transformation": {
            "rotation": [
              0,
              90,
              0
            ]
          }
        }
      },
      {
        "condition": "query.block_state('custom:face') == 'East'",
        "components": {
          "minecraft:transformation": {
            "rotation": [
              0,
              -90,
              0
            ]
          }
        }
      }
    ],
    "components": {
      "minecraft:geometry": "geometry.torch_side",
      "minecraft:placement_filter": {
        "conditions": [
          {
            "allowed_faces": [
              "up",
              "north",
              "south",
              "east",
              "west"
            ]
          }
        ]
      },
      "minecraft:custom_components": [
        "custom:torch"
      ],
      "minecraft:material_instances": {
        "*": {
          "texture": "light_gray_torch",
          "render_method": "alpha_test",
          "ambient_occlusion": false,
          "face_dimming": false
        }
      },
      "minecraft:selection_box": {
        "origin": [
          -3,
          3,
          3
        ],
        "size": [
          6,
          10,
          5
        ]
      },
      "minecraft:tick": {
        "looping": true,
        "interval_range": [
          100,
          100
        ]
      },
      "minecraft:collision_box": false,
      "minecraft:light_dampening": 0,
      "minecraft:light_emission": 15,
      "minecraft:destructible_by_explosion": true,
      "minecraft:display_name": "Light Gray Torch",
      "tag:custom:torch": {}
    }
  }
}